File Path,target
./data/pepe-images/0e4a1d55-261e-4bed-b0db-7c4a66811011.jpeg,1
./data/pepe-images/d9b28405-90ca-4c5e-bc5a-e1df6c2f1b38.jpeg,1
./data/pepe-images/ea0335cb-5bee-4b9d-b9e2-b25afb0c7777.jpeg,1
./data/pepe-images/5cb1251a-080b-4806-a966-4df424c178d0.jpeg,1
./data/pepe-images/22da751a-08da-4aea-b936-7badce43e5dc.jpeg,1
./data/pepe-images/bd9a7404-ef6f-4aa5-aede-e43bb268bbaa.jpeg,1
./data/pepe-images/06d07053-f659-4133-a751-b68272758320.jpeg,1
./data/pepe-images/18c72163-8e0d-461e-95e8-fae1918249ad.jpeg,1
./data/pepe-images/F8jo1Qba8AAYMYt.jpeg,1
./data/pepe-images/d6e9fb51-869e-4cf9-a379-587b11f1c2b6.jpeg,1
./data/pepe-images/1dec9981-8fe1-454f-b110-0aa9f10bba70.jpeg,1
./data/pepe-images/97edf759-0564-471b-be34-e2aaa64cafaf.jpeg,1
./data/pepe-images/714c28af-73cd-40b5-af8f-b22cd9cbf5a7.jpeg,1
./data/pepe-images/ddee6aa5-2b9d-42d7-ad5e-a18e26c8bb0a.jpeg,1
./data/pepe-images/e52e446c-669d-4935-a2d3-628f33eb7af0.jpeg,1
./data/pepe-images/F8wnuIlacAAE8Dg.jpeg,1
./data/pepe-images/5be76157-d077-45fd-8ad4-e680addeb9a7.jpeg,1
./data/pepe-images/03f2decb-8bc5-44b2-b104-96e1b2b374aa.jpeg,1
./data/pepe-images/e4df80ba-ac06-4fd4-8d4a-de4bbefee835.jpeg,1
./data/pepe-images/974768e0-308b-40a5-8c96-ba786860ebab.jpeg,1
./data/pepe-images/F7kOo3aXIAAGF_h.jpeg,1
./data/pepe-images/F6vHoQkaIAAyhS1.jpeg,1
./data/pepe-images/cda8ba0a-678f-4942-8b12-f64e5105ea99.jpeg,1
./data/pepe-images/220caf77-e1bf-4a0d-9788-9e80c126b088.jpeg,1
./data/pepe-images/bce3464e-b1f3-40df-ab1b-fe9cbe5a47c9.jpeg,1
./data/pepe-images/F8vqAI-bcAIqtVA.jpeg,1
./data/pepe-images/c032ed5a-521f-472b-83dc-2e228a7f924f.jpeg,1
./data/pepe-images/41d2f79f-144a-4c4d-b777-a0c9ecb4df06.jpeg,1
./data/pepe-images/2dda3306-32a5-4966-be21-8cc78a59cf2e.jpeg,1
./data/pepe-images/5e4d3c93-f0fb-4b38-9116-0536e088d4e0.jpeg,1
./data/pepe-images/47b896ce-7c88-4443-869e-43172929256e.jpeg,1
./data/pepe-images/4d3dd736-5d12-43a1-97ce-d69eb081a129.jpeg,1
./data/pepe-images/a11c060d-eaa6-4e8f-bd3c-60af0c0b2178.jpeg,1
./data/pepe-images/8aacfe33-aa8b-4b18-a521-830aca0bf407.jpeg,1
./data/pepe-images/cdb84a3e-b1ce-4c22-94a8-c92c256c871c.jpeg,1
./data/pepe-images/fb71e107-ae3d-4f20-ba12-fda77ccb16f8.jpeg,1
./data/pepe-images/96ac2a87-3ada-466e-9908-d5c92abbb664.jpeg,1
./data/pepe-images/F7R_5UvakAAncla.jpeg,1
./data/pepe-images/F83x5X-WIAAU7w_.jpeg,1
./data/pepe-images/d495d652-6b6e-4ab1-8819-0d85bab10908.jpeg,1
./data/pepe-images/20893c2b-6403-4e7c-a85e-9c58738aca96.jpeg,1
./data/pepe-images/9685ac36-e6b7-4a1c-8cbc-c2aa7e114a50.jpeg,1
./data/pepe-images/12be2ce6-8dc5-47ca-ac1b-0fabd8ef44d0.jpeg,1
./data/pepe-images/5f10a11b-105f-4e13-ae03-c6759bd12f6e.jpeg,1
./data/pepe-images/d3dde9c2-acc4-4c23-92b3-0be816984d48.jpeg,1
./data/pepe-images/e9800bbf-ca6f-424c-98b8-a24692d9f094.jpeg,1
./data/pepe-images/07272d11-a8db-42fe-b595-1e90127a7e0c.jpeg,1
./data/pepe-images/F9NWKJeaAAAYNGZ.jpeg,1
./data/pepe-images/1abf74b1-0819-4819-973b-9d1727c4c05b.jpeg,1
./data/pepe-images/578f2f85-95ba-4aef-b649-91322c66f9e4.jpeg,1
./data/pepe-images/52fc3986-709c-4bb0-a06c-19377d9d436a.jpeg,1
./data/pepe-images/b54c5c87-d2b6-4c4d-a7b3-2b91b592429c.jpeg,1
./data/pepe-images/FxwI6S-XsAAFrGD.jpeg,1
./data/pepe-images/9cac60c4-d8d8-4081-b8cf-753b98c6e07b.jpeg,1
./data/pepe-images/F9JF_cmXAAAKrtD.jpeg,1
./data/pepe-images/f4e8f533-363a-4690-924f-dc99c86840ab.jpeg,1
./data/pepe-images/7daee123-841f-446d-895a-405332ee7ba2.jpeg,1
./data/pepe-images/b74a1f7a-2b04-487e-b821-e9ee21384302.jpeg,1
./data/pepe-images/dac40027-b00e-436f-8bba-f11a7ac6b1e6.jpeg,1
./data/pepe-images/45ed0e25-7aff-4445-8c73-92007ddb36af.jpeg,1
./data/pepe-images/F8M5RZ-aEAAY__x.jpeg,1
./data/pepe-images/cc798ded-0aa0-4085-a082-4735737501a7.jpeg,1
./data/pepe-images/00152993-147f-4f42-8cde-c493a72366dc.jpeg,1
./data/pepe-images/050bd98a-fb11-491c-bb45-1a5a34f0e341.jpeg,1
./data/pepe-images/47206cfa-b90a-4978-b869-191f080c7219.jpeg,1
./data/pepe-images/4f3019f1-8f8d-4762-a491-7b042d2e4fcc.jpeg,1
./data/pepe-images/ddd0d777-82f0-4ff9-bcf7-d510d8c7974c.jpeg,1
./data/pepe-images/05ebca36-532a-49d2-bd6f-16b66bcd8f83.jpeg,1
./data/pepe-images/F8wFKxzbkAAJxAM.jpeg,1
./data/pepe-images/1894b04f-9f11-4aeb-af4b-8496f49f90f5.jpeg,1
./data/pepe-images/F8xIsvHbQAAonDy.jpeg,1
./data/pepe-images/ed71ca4f-387a-464b-9ac4-a0b511440810.jpeg,1
./data/pepe-images/27554941-c72f-4342-a5be-f14f8b45c7e2.jpeg,1
./data/pepe-images/477ea01e-c37a-4cf4-88d1-6b32712d166e.jpeg,1
./data/pepe-images/GNxmYZEE.jpg-medium.jpeg,1
./data/pepe-images/3f347328-1417-4d27-a2f6-966c0c4193c2.jpeg,1
./data/pepe-images/cf6e096a-58b4-4422-8f96-4ee0f20cc05a.jpeg,1
./data/pepe-images/25f59781-9fb8-4cdc-b39c-09666053ac70.jpeg,1
./data/pepe-images/df7ff51a-d511-4386-b5bb-56d7f998912f.jpeg,1
./data/pepe-images/b6c3c78a-756b-4d19-aaa4-dafe425778d0.jpeg,1
./data/pepe-images/F9H21hhXcAE--x2.jpeg,1
./data/pepe-images/1119ef7a-38f3-49c5-84ef-343d254c375a.jpeg,1
./data/pepe-images/683cf30c-ebf2-4fa9-89b6-befdab1b6fd8.jpeg,1
./data/pepe-images/d061d312-5425-4a03-b973-fd2babe85d07.jpeg,1
./data/pepe-images/F8W6ighW8AAp4Oo.jpeg,1
./data/pepe-images/1be33462-1588-4495-a5b8-d4a822258fef.jpeg,1
./data/pepe-images/F7ad_M0W0AAZ6f8.jpeg,1
./data/pepe-images/4dbe56e5-ab96-4f23-8870-dc46186702fd.jpeg,1
./data/pepe-images/0e474e0e-9925-4bbe-8e66-7920a9605865.jpeg,1
./data/pepe-images/143bd05b-bec9-47bc-8631-915ffb3452a3.jpeg,1
./data/pepe-images/F7a9_XWaYAApn9Z.jpeg,1
./data/pepe-images/80f2eb89-7dec-45af-9944-f9a08a8f4096.jpeg,1
./data/pepe-images/F8zi1xbW4AAWJaO.jpeg,1
./data/pepe-images/70535756-c951-4f09-8e67-09904d6f97a9.jpeg,1
./data/pepe-images/73beb0b0-a4a1-4167-ba33-db672cda7e85.jpeg,1
./data/pepe-images/b181f1e5-0e0a-488c-be52-29a96ec19215.jpeg,1
./data/pepe-images/081ccbcd-57fd-4773-871e-708a00e11072.jpeg,1
./data/pepe-images/7292bda2-ee95-4a87-bff7-a7b8d55edebb.jpeg,1
./data/pepe-images/a0788c4c-275e-459d-832c-6716aa1b24ab.jpeg,1
./data/pepe-images/F86YsqVbEAA7H41.jpeg,1
./data/pepe-images/F8v5KmBWAAAs9dP.jpeg,1
./data/pepe-images/F7SZ5D4XkAAyuEN.jpeg,1
./data/pepe-images/619932f3-d195-4aa8-bdd4-86d46fe54a49.jpeg,1
./data/pepe-images/3b310a89-98c1-4738-938b-fc8eb2f45c01.jpeg,1
./data/pepe-images/F8xdoElacAA5Aat.jpeg,1
./data/pepe-images/ad80fe01-42c6-409d-a131-00d2e91c8dda.jpeg,1
./data/pepe-images/3d43c886-af9b-424b-ac7f-93007fd4468d.jpeg,1
./data/pepe-images/F8xdlHibsAAfmSu.jpeg,1
./data/pepe-images/F7b1h3bWgAAAkyU.jpeg,1
./data/pepe-images/F7a99cZacAA_CWt.jpeg,1
./data/pepe-images/F6vGXJubYAAvaCX.jpeg,1
./data/pepe-images/592b0446-24a5-46aa-92f2-f20784f8cb38.jpeg,1
./data/pepe-images/d2f6829a-cec2-445f-9017-59e1b6b8e662.jpeg,1
./data/pepe-images/93450285-d9cc-4c8c-946f-cd0758cc6d1a.jpeg,1
./data/pepe-images/c11cc2a4-0674-4e14-85e6-dc505abc53b9.jpeg,1
./data/pepe-images/2c1ae595-a577-41c8-ba56-3412727d4fef.jpeg,1
./data/pepe-images/F8x8n94b0AA0E5D.jpeg,1
./data/pepe-images/256691fb-7ebc-4bd5-a37e-05db8f5346f9.jpeg,1
./data/pepe-images/F84hfjWXAAAodWP.jpeg,1
./data/pepe-images/F7UiHrDX0AAU_ij.jpeg,1
./data/pepe-images/F6vG74-aoAA0Pni.jpeg,1
./data/pepe-images/96d82985-3bc1-499c-8312-3c0911ad1637.jpeg,1
./data/pepe-images/F78sDNFWwAA6xLw.jpeg,1
./data/pepe-images/93e5683a-17a9-4bcb-8b28-455a58c85089.jpeg,1
./data/pepe-images/cdf86240-483c-4606-9a4d-f893690b1117.jpeg,1
./data/pepe-images/bd5ecef0-3b77-4aca-a717-dbc53dbc446a.jpeg,1
./data/pepe-images/2d5de166-f21f-4093-80b1-1611b72582d5.jpeg,1
./data/pepe-images/48bacf7b-8355-402f-b580-b09e2595938c.jpeg,1
./data/pepe-images/89c05a48-4822-475b-9e6e-3ce7df89470e.jpeg,1
./data/pepe-images/aad6e8e6-c61e-4e9e-a5b7-c4cf111b7284.jpeg,1
./data/pepe-images/F7rx_1nbwAAN46b.jpeg,1
./data/pepe-images/3ff2dd65-c879-499f-971b-c2086516fe1a.jpeg,1
./data/pepe-images/f9360d8e-80b7-460f-a8f4-df8fb22711da.jpeg,1
./data/pepe-images/8b757948-c366-4054-b282-93e9c76d2248.jpeg,1
./data/pepe-images/F8e6FFuWYAA07Bt.jpeg,1
./data/pepe-images/F6vHRywaQAEs9xL.jpeg,1
./data/pepe-images/c23070e4-cda1-4cec-97d8-c89e86f4a5f6.jpeg,1
./data/pepe-images/F8yCT05aYAAC5xH.jpeg,1
./data/pepe-images/6926dbdc-e638-45d4-b2de-06f47cd91887.jpeg,1
./data/pepe-images/F8xZUHMbMAA-2o0.jpeg,1
./data/pepe-images/F83xRPnX0AA74DR.jpeg,1
./data/pepe-images/F7TZs-XacAAejkI.jpeg,1
./data/pepe-images/ea2b27c0-810b-4232-915b-7e2303e6ff92.jpeg,1
./data/pepe-images/31035ec6-4016-41db-b4c1-ea35f040d7a0.jpeg,1
./data/pepe-images/F70_MpMWQAMmkCe.jpeg,1
./data/pepe-images/bef4ee52-6add-4ab4-a8af-a4311bd27636.jpeg,1
./data/pepe-images/0c7d1bd8-e8f8-4e9f-acb1-593ab96ab02d.jpeg,1
./data/pepe-images/F8yrbffbkAE9dOb.jpeg,1
./data/pepe-images/48d6eaa7-5417-41c5-8eb2-11a2a26ea3f6.jpeg,1
./data/pepe-images/0f2e4b9f-9f44-462b-96e9-2243ce196a1a.jpeg,1
./data/pepe-images/a39e6a74-8dfe-48c6-97b1-fa8d9ca3296f.jpeg,1
./data/pepe-images/F83yZW3WYAAvbaf.jpeg,1
./data/pepe-images/F7ngIgNWwAAKOtK.jpeg,1
./data/pepe-images/2d6e60ae-c0a7-4693-bbaa-440b3b7bcb2e.jpeg,1
./data/pepe-images/F8zi1xcXkAAuKiG.jpeg,1
./data/pepe-images/F81YrTTaYAA90RI.jpeg,1
./data/pepe-images/3bc97a74-89f5-46bc-9eb1-b69e53ad9144.jpeg,1
./data/pepe-images/F7WTxBPXkAAc5Z3.jpeg,1
./data/pepe-images/eb306072-ad38-4bb4-b9c1-c1d119df9133.jpeg,1
./data/pepe-images/89ad475b-c71e-45cd-a87c-ebf3c38a6515.jpeg,1
./data/pepe-images/0ef8bd69-7385-440b-bcda-cd2a01f545da.jpeg,1
./data/pepe-images/f406e331-bcb2-43f3-9793-7c4657903c13.jpeg,1
./data/pepe-images/5ddf74d4-c4bf-4788-97a5-c0de9f35ff89.jpeg,1
./data/pepe-images/F8s7hMfbYAA0q-0.jpeg,1
./data/pepe-images/F6vH6yubsAAwYKy.jpeg,1
./data/pepe-images/efc988e4-5f12-404e-91bb-3b34adb7a4be.jpeg,1
./data/pepe-images/36d3d080-cee9-4e8a-9621-f7d1fbc29e06.jpeg,1
./data/pepe-images/383a8781-406f-4675-abdb-fa8d9d2fb2b9.jpeg,1
./data/pepe-images/13aa68da-ad2b-46c6-9055-40c274e22bcb.jpeg,1
./data/pepe-images/c114311b-ee57-40ec-b5b7-fe6e30946b59.jpeg,1
./data/pepe-images/849abe78-c840-4058-bdd3-f391039888d4.jpeg,1
./data/pepe-images/F80Nv-fbMAAE3aL.jpeg,1
./data/pepe-images/7786743a-4773-4ff4-93fb-a0a254ed8ce7.jpeg,1
./data/pepe-images/c371a7a4-f25d-456b-b64f-f2700cc4eb0f.jpeg,1
./data/pepe-images/40008607-d900-4f10-8f6f-f1e7484811fc.jpeg,1
./data/pepe-images/c2edb2d8-2b51-40b2-b09d-34f848bd4019.jpeg,1
./data/pepe-images/F6vG10YakAAftJi.jpeg,1
./data/pepe-images/686966f2-91a3-47d5-84fc-6aaeb5c670e1.jpeg,1
./data/pepe-images/38dfb1cb-3605-4e24-9dbf-58423fdc0640.jpeg,1
./data/pepe-images/4dd701e4-f3c8-4785-aa15-ef8bc4e19f96.jpeg,1
./data/pepe-images/F7UiHrEWQAAXLW7.jpeg,1
./data/pepe-images/fcf84495-ecbe-4778-8b18-2efdffc2151a.jpeg,1
./data/pepe-images/0e348590-0ea0-4fbe-8269-d82f2cb033e8.jpeg,1
./data/pepe-images/b354e2b6-5062-4799-8739-ffa65e36afcc.jpeg,1
./data/pepe-images/F83wXorXMAAKiyA.jpeg,1
./data/pepe-images/73b0c901-dfe0-441c-90b4-ae9b939c45ac.jpeg,1
./data/pepe-images/f8e1db47-f7ba-487f-bc4d-44a3d0a3416c.jpeg,1
./data/pepe-images/F83yLadW0AAwKRo.jpeg,1
./data/pepe-images/dbb98706-b72c-4725-94e8-e51e37de2d4f.jpeg,1
./data/pepe-images/bd088b06-eb48-414b-b062-4119d10267c9.jpeg,1
./data/pepe-images/f9c207b0-d6e0-4b8f-ad15-167e1720a1f1.jpeg,1
./data/pepe-images/50409535-d88f-4fe2-854d-cb6abdcbba84.jpeg,1
./data/pepe-images/fb648ae4-da1f-4ff8-9103-4a378b2f3f54.jpeg,1
./data/pepe-images/F8xK-0EakAAwyS-.jpeg,1
./data/pepe-images/F8vqAI6bcAMU5j3.jpeg,1
./data/pepe-images/3ef2ebaf-24db-4afd-91ea-97dc533ce131.jpeg,1
./data/pepe-images/a9c96d5d-4e9b-43da-bbe6-511d114ba315.jpeg,1
./data/pepe-images/c60bd3d8-24c8-4d33-9244-532d0effb9c5.jpeg,1
./data/pepe-images/6459d301-50b4-46d8-9e05-3ff53d728d80.jpeg,1
./data/pepe-images/3b09a472-0a51-4956-8440-8594b4293a19.jpeg,1
./data/pepe-images/F8v5vGhbMAAnLWU.jpeg,1
./data/pepe-images/f6eb9783-069e-4c61-ba28-75a51601a1dc.jpeg,1
./data/pepe-images/e215858f-b0a2-495b-af65-7c19be30424b.jpeg,1
./data/pepe-images/e2e7ed26-c0f5-4757-bf59-25041be4bf99.jpeg,1
./data/pepe-images/05435e17-bfd3-4a2e-b86b-0b46b4b9c12d.jpeg,1
./data/pepe-images/F818dYYW0AEq9Xl.jpeg,1
./data/pepe-images/5bc889db-222b-48cf-9d1c-3fa46a7595d4.jpeg,1
./data/pepe-images/3d70a2f1-52ec-4cad-b891-5c8531f80b3a.jpeg,1
./data/pepe-images/d7f7bb8c-0f99-41bf-ae08-89962b50fde2.jpeg,1
./data/pepe-images/35887380-0298-4ec0-8ce4-c1dbe4f0f24e.jpeg,1
./data/pepe-images/32c89b96-69e9-4a48-a9b1-ec72c20a297e.jpeg,1
./data/pepe-images/F8e8TVhWIAAJZBf.jpeg,1
./data/pepe-images/F7UeiOWX0AAq6K2.jpeg,1
./data/pepe-images/32737ba4-97f0-40dd-9205-f119bd65777c.jpeg,1
./data/pepe-images/89c77439-6609-4741-bc4f-08022146aefe.jpeg,1
./data/pepe-images/F8x_IdVaYAExDUe.jpeg,1
./data/pepe-images/cbe47520-7f76-4a5b-89df-c77e3e841c77.jpeg,1
./data/pepe-images/7098cd5e-6955-4be6-94ae-8150db0793f1.jpeg,1
./data/pepe-images/F8M5RaAacAAaQ70.jpeg,1
./data/pepe-images/36f7446b-af59-41a2-a4d7-f3d78061f016.jpeg,1
./data/pepe-images/2e53353a-6335-481b-941c-83a5a8f5c9c9.jpeg,1
./data/pepe-images/F6vHpphbEAARBp6.jpeg,1
./data/pepe-images/5c4414f7-37fe-4bfc-8901-9711daec32f9.jpeg,1
./data/pepe-images/c60ca8d7-77f7-42c3-b627-0250fc4ef81f.jpeg,1
./data/pepe-images/a0bf20a3-c4ef-4db4-8916-9643ec206c1c.jpeg,1
./data/pepe-images/F8dy6qsXEAA2T5y.jpeg,1
./data/pepe-images/9d6b5988-f05c-4645-a1fe-2351d4e676e6.jpeg,1
./data/pepe-images/5ff7d82f-8646-4cb2-9f49-9239f0c5f7e9.jpeg,1
./data/pepe-images/73d7908a-ac18-4d96-9ec8-4c55f189ffc2.jpeg,1
./data/pepe-images/F8e_bbyXwAAKFbI.jpeg,1
./data/pepe-images/1b9d2fe1-1247-48f6-9971-96da50999de0.jpeg,1
./data/pepe-images/11d89a4d-190b-453e-94e3-082f78467df7.jpeg,1
./data/pepe-images/05a138ec-37fc-40af-9c9e-3b25f12e31f2.jpeg,1
./data/pepe-images/aab67bd7-fb9e-4181-804b-db8a94793ff3.jpeg,1
./data/pepe-images/115777b4-2b66-4376-9547-54f65be4d885.jpeg,1
./data/pepe-images/9576aa53-eaad-4167-a268-8579f014077e.jpeg,1
./data/pepe-images/12820475-3276-47a6-b766-a00d0e83aca5.jpeg,1
./data/pepe-images/4e9cd35d-81dc-4787-a305-a9df59750451.jpeg,1
./data/pepe-images/0b90fc05-a04a-444b-bd3a-7be1ec395346.jpeg,1
./data/pepe-images/fa785ead-150c-45bb-a9fb-0fe4bba37ebb.jpeg,1
./data/pepe-images/ba47486d-6b48-440b-bc50-05aa6d87ae11.jpeg,1
./data/pepe-images/547def00-ade0-442c-b3ae-6f2ba1fcc023.jpeg,1
./data/pepe-images/F87wkt7awAAgSyQ.jpeg,1
./data/pepe-images/c0ca9d11-15bd-4a3b-913d-dd9cd4fa319a.jpeg,1
./data/pepe-images/F6vIZhPagAAm8PM.jpeg,1
./data/pepe-images/F83xgWhWkAARHbw.jpeg,1
./data/pepe-images/F8rrEotaAAAwrYB.jpeg,1
./data/pepe-images/6760d1bc-2d88-4376-afce-d7ca264ed4b7.jpeg,1
./data/pepe-images/7287eead-3bc8-4971-8a45-46a37aa8d4b7.jpeg,1
./data/pepe-images/1c4e70b2-01cd-483d-b22d-b6c0762aa77a.jpeg,1
./data/pepe-images/72aad16e-43e7-4730-965c-b405066d2aa8.jpeg,1
./data/pepe-images/73027d5e-0fa7-4973-85ba-cff6b4b0ab2b.jpeg,1
./data/pepe-images/52a028cc-c7b6-41da-83db-c40d1fcf0909.jpeg,1
./data/pepe-images/F8vra-XbcAElJkT.jpeg,1
./data/pepe-images/F8vra_JbcAA6oZq.jpeg,1
./data/pepe-images/0a7f6b0e-d539-4e28-9842-c1e5ebefbb7d.jpeg,1
./data/pepe-images/f3104f0c-2d27-40ca-abfc-8a4ecb6e86d9.jpeg,1
./data/pepe-images/F7Ug5z9XgAAscY0.jpeg,1
./data/pepe-images/25f6dc3f-fd32-4623-b9f5-b544b6260f76.jpeg,1
./data/pepe-images/847c21dd-ffdb-42ee-b66e-b0cf44740769.jpeg,1
./data/pepe-images/757785c2-78cc-4cf9-9017-984aced14e46.jpeg,1
./data/pepe-images/F6vHNRhaUAAcR4c.jpeg,1
./data/pepe-images/F8M5RZ9a0AARlo5.jpeg,1
./data/pepe-images/cbd22328-1c92-4f67-8196-f13ebed5e15e.jpeg,1
./data/pepe-images/F8vqAI9bcAEeupo.jpeg,1
./data/pepe-images/b129bc14-75f6-40f8-b516-f25b6c583632.jpeg,1
./data/pepe-images/b9149223-e10e-47b4-8779-31df8d70a6e8.jpeg,1
./data/pepe-images/ff7fad55-04fd-4e8d-bfeb-1b743cd7518a.jpeg,1
./data/pepe-images/e2dbc68f-8aaa-47f4-9fe9-992e018a3f65.jpeg,1
./data/pepe-images/70745e51-1ad2-4bc0-8ba3-57e9d0e52147.jpeg,1
./data/pepe-images/209124ae-f1c3-40dc-b0e1-ff5b5a3c7a97.jpeg,1
./data/pepe-images/F88I0CrXEAAYUDa.jpeg,1
./data/pepe-images/0f8f4d7e-9c23-4287-99a3-bbc295f82d08.jpeg,1
./data/pepe-images/F6vH_r7bQAAr1UV.jpeg,1
./data/pepe-images/fdc0449f-9b1b-4337-b645-e2332aab3e19.jpeg,1
./data/pepe-images/c94d697d-4811-4439-87f7-88582e76de27.jpeg,1
./data/pepe-images/3cadc800-d75e-423e-bdae-94e710dd656c.jpeg,1
./data/pepe-images/F6vIuVkbIAACkFJ.jpeg,1
./data/pepe-images/F83w_lOXoAAKvNR.jpeg,1
./data/pepe-images/a021314c-e0fc-4b58-b41c-3b0394359af0.jpeg,1
./data/pepe-images/F8vqsHlWEAAjT_Z.jpeg,1
./data/pepe-images/25b770b2-9f23-408c-9c95-f9b7d4856283.jpeg,1
./data/pepe-images/F83wkw8WoAAiaMo.jpeg,1
./data/pepe-images/ae94cdf0-cd1a-4da3-91e3-6f2338d739b2.jpeg,1
./data/pepe-images/af168dc6-1d53-46a1-8484-facbb277e159.jpeg,1
./data/pepe-images/F7Ug59UXYAAUVHZ.jpeg,1
./data/pepe-images/c5c338f0-2e59-4ff3-b009-9fa69b49568d.jpeg,1
./data/pepe-images/a87f9292-8de1-476f-ac3f-28adf8cca6e2.jpeg,1
./data/pepe-images/8ed2f624-d0eb-4df3-b2f9-3d99e0097018.jpeg,1
./data/pepe-images/ab9abd7c-9f0b-4d21-84c7-42a14aae1285.jpeg,1
./data/pepe-images/F6vHE3HawAAvk-T.jpeg,1
./data/pepe-images/ab860532-a82f-4894-b6b7-11425d5e24eb.jpeg,1
./data/pepe-images/4b3b7b63-e3fc-4e6c-9b85-a1d7cd5e37c2.jpeg,1
./data/pepe-images/60d6caf1-1b88-4c15-9f5a-fb30b54d2dd4.jpeg,1
./data/pepe-images/F6vISqJaIAA3Pxc.jpeg,1
./data/pepe-images/61e0d8d5-7396-4d3c-84a0-0f971a6861eb.jpeg,1
./data/pepe-images/1487f016-57f3-4b9e-baea-e35089b614a3.jpeg,1
./data/pepe-images/F8jqFoVaEAEXMbL.jpeg,1
./data/pepe-images/F7UiHrFW4AAtIXI.jpeg,1
./data/pepe-images/F6vHlYIasAEpwIe.jpeg,1
./data/pepe-images/e0c59c25-a5c6-4c5e-a287-f632e38fc243.jpeg,1
./data/pepe-images/07273b36-8af5-45fd-aded-0507539b5763.jpeg,1
./data/pepe-images/59fd1184-7461-4332-9320-0872b7ec8612.jpeg,1
./data/pepe-images/3dcfe132-9d4c-4937-acb3-a613abc56656.jpeg,1
./data/pepe-images/fc767d86-ed0f-4225-8e62-5f612d1c20ed.jpeg,1
./data/pepe-images/e1064827-6984-4520-95a9-e528893a7586.jpeg,1
./data/pepe-images/9016c2eb-1823-4ad6-a025-0e3dbf328933.jpeg,1
./data/pepe-images/F86lKH0WkAAjOfg.jpeg,1
./data/pepe-images/e49f3094-380b-46f6-b1e5-58593de6a592.jpeg,1
./data/pepe-images/4a502045-c80f-44da-b3c8-d06ce6ecd795.jpeg,1
./data/pepe-images/b7023b7c-3bfd-4c23-b109-016763a6c5da.jpeg,1
./data/pepe-images/44c3ed17-4779-406e-8855-bc9c811fb42c.jpeg,1
./data/pepe-images/63a1ccd7-0462-4811-9c28-9b467bcf91b9.jpeg,1
./data/pepe-images/F7SZ5EnW0AE2k6x.jpeg,1
./data/pepe-images/F7WTv4CXwAAyMVi.jpeg,1
./data/pepe-images/b6be88ec-3698-45da-a4bf-4723cef7fc38.jpeg,1
./data/pepe-images/cddf141e-5e50-4791-aa50-b76f6f8d4471.jpeg,1
./data/pepe-images/8000a492-64a6-412f-ad51-5506d15392de.jpeg,1
./data/pepe-images/6f430a77-a497-4e3f-8be5-a6259f66823b.jpeg,1
./data/pepe-images/6e7976d4-ce6e-4358-90b4-46d8a27747ed.jpeg,1
./data/pepe-images/8d86dc79-5ac9-4a03-a265-92138d194f80.jpeg,1
./data/pepe-images/F8ajsbkWIAAz_J4.jpeg,1
./data/pepe-images/80f81703-77f8-40d3-81e6-945ed1726b69.jpeg,1
./data/pepe-images/366970cb-bfa4-4875-9946-84bbb0ba6857.jpeg,1
./data/pepe-images/233003ee-d3ef-4091-b2b9-4247f0e40cc3.jpeg,1
./data/pepe-images/55a7d3c4-9133-4b91-a5f2-19f1862ba356.jpeg,1
./data/pepe-images/F8aiY-fWUAAtePq.jpeg,1
./data/pepe-images/2e26488a-277e-4803-acdc-689ecd3542e4.jpeg,1
./data/pepe-images/dd3e1e84-18ee-4019-bc2e-eb1bfc5308e9.jpeg,1
./data/pepe-images/0ade0e8f-a7f1-47cb-bef4-240ae9843f37.jpeg,1
./data/pepe-images/63303e0e-afe0-4f17-bb47-644c72e63475.jpeg,1
./data/pepe-images/F6vGz3DbUAAMdVK.jpeg,1
./data/pepe-images/2ebe8e01-00f0-4569-8dc3-fe77c6a2e0e9.jpeg,1
./data/pepe-images/F8vwC0DXkAA2Hzt.jpeg,1
./data/pepe-images/F9JFN3iagAEY8kg.jpeg,1
./data/pepe-images/106ff001-c4ce-435a-b429-04824f13956b.jpeg,1
./data/pepe-images/626d5295-e333-4c40-8fe7-325f67b66ae8.jpeg,1
./data/pepe-images/39d3fa0a-f327-41e5-9af9-9dadfe8e834c.jpeg,1
./data/pepe-images/F8vt8E4WcAAk8uM.jpeg,1
./data/pepe-images/e9ba3dcc-9d8e-46d3-9bc5-ebe7dbd040b4.jpeg,1
./data/pepe-images/ae2c7047-350f-416b-ac7d-dcb3cc694711.jpeg,1
./data/pepe-images/F6vJCGbbMAAZnqj.jpeg,1
./data/pepe-images/F8vrS9BagAAB-Rd.jpeg,1
./data/pepe-images/fe06698b-dee5-404c-ba87-e3acc5f75156.jpeg,1
./data/pepe-images/F9J2JbPbUAAHc2V.jpeg,1
./data/pepe-images/931c9ee2-f1f7-4926-944f-79650f785cf9.jpeg,1
./data/pepe-images/F7SZ5EkX0AAlwMk.jpeg,1
./data/pepe-images/22be1775-d12a-43b0-82a5-df47dcfe36d9.jpeg,1
./data/pepe-images/ac596228-da42-4a7e-b6a8-23dbff1e00f2.jpeg,1
./data/pepe-images/8519e9c9-4a42-4d57-b9fe-e3c4343444be.jpeg,1
./data/pepe-images/306fcb2c-4b16-464d-a7c4-162c9f903c5a.jpeg,1
./data/pepe-images/a2d47a51-7484-41c9-ba7f-b7b752a2f12b.jpeg,1
./data/pepe-images/37bdb1c5-980e-43d1-b79b-4f3e8c8e38f0.jpeg,1
./data/pepe-images/F8L3CJsbIAA-Ai5.jpeg,1
./data/pepe-images/F7Ug5bxXwAA5QYY.jpeg,1
./data/pepe-images/F8vra-XbcAAOUv6.jpeg,1
./data/pepe-images/734ae210-68de-45cc-b342-d1c6f44877f0.jpeg,1
./data/pepe-images/F8wOGOGWQAAR3MH.jpeg,1
./data/pepe-images/F8xeUe6XgAAx7sw.jpeg,1
./data/pepe-images/36aaff38-61a7-4860-bbc0-70e6136ffc3b.jpeg,1
./data/pepe-images/F8xK383a0AArKW6.jpeg,1
./data/pepe-images/7b1ee45b-ddcb-4537-b40a-1731825e5e64.jpeg,1
./data/pepe-images/F8yjPFQX0AApZxz.jpeg,1
./data/pepe-images/8b6e1a9c-da47-41b1-ae53-f2e98f637097.jpeg,1
./data/pepe-images/c4482383-fad8-48d9-bffc-9f506c378a54.jpeg,1
./data/pepe-images/F6vIe1kbgAA6cr4.jpeg,1
./data/pepe-images/e5dc18c3-053a-449b-a875-5ad8ec78bf5f.jpeg,1
./data/pepe-images/F7UiHrLWkAAp7d9.jpeg,1
./data/pepe-images/5981dfd6-bdda-4ac6-92ff-238e0c0980ff.jpeg,1
./data/pepe-images/f91102aa-d593-4c69-a838-be1e8c4b9589.jpeg,1
./data/pepe-images/F8dy67xWwAAUhCW.jpeg,1
./data/pepe-images/02344fc5-7394-44ae-a9a6-c751e181404e.jpeg,1
./data/pepe-images/F8vt8ZrXIAAtIvO.jpeg,1
./data/pepe-images/F6vGp_raoAAfWMi.jpeg,1
./data/pepe-images/26e0552e-e1dd-4fd9-aa53-d09299629c4b.jpeg,1
./data/pepe-images/add00989-6cbc-47ea-a683-8e54a2e0855d.jpeg,1
./data/pepe-images/27b9c47f-921f-4c58-8271-6727d097ad85.jpeg,1
./data/pepe-images/b8a5f39b-1747-4385-93c5-3230ac8d8f9f.jpeg,1
./data/pepe-images/F8-6-GBaAAASsSF.jpeg,1
./data/pepe-images/5e662138-6294-4dec-8550-b829b8649f9d.jpeg,1
./data/pepe-images/F7WTyj9WwAAhc_z.jpeg,1
./data/pepe-images/F8vprdPW8AAUR3c.jpeg,1
./data/pepe-images/22184fbf-0157-42d2-9357-ad9a0c4aa608.jpeg,1
./data/pepe-images/36b47012-d306-4a7c-8477-879589a3696f.jpeg,1
./data/pepe-images/c0c2b346-ceda-414c-b8f0-4b2545177f97.jpeg,1
./data/pepe-images/43a7b31c-4309-4bd8-be1b-0a2c0e67ddf7.jpeg,1
./data/pepe-images/b40600b4-41c2-42bd-87c0-514dcf4b3c8a.jpeg,1
./data/pepe-images/c153e87d-25c1-465e-b680-de3b1d33f5ac.jpeg,1
./data/pepe-images/82ab2742-cc8b-490d-a2dc-8489333a11ef.jpeg,1
./data/pepe-images/026dedb7-54c2-483b-a368-ae11874080fe.jpeg,1
./data/pepe-images/F8vlHaXXQAAKz98.jpeg,1
./data/pepe-images/50ea5bcf-f362-4908-a7b3-33bd9bee8deb.jpeg,1
./data/pepe-images/670a010e-9475-487b-8430-20f0c23fe3c1.jpeg,1
./data/pepe-images/1e5ed6a0-5bed-4b4a-a0ce-78e5cae70e96.jpeg,1
./data/pepe-images/d1e85ba0-96aa-4678-b820-79d0261e991e.jpeg,1
./data/pepe-images/3fa3787d-1200-4c40-b2f0-33232dbac286.jpeg,1
./data/pepe-images/807fb8ce-bba1-4a62-a8b6-3c8cb477bdd4.jpeg,1
./data/pepe-images/F6vIDsFb0AALqej.jpeg,1
./data/pepe-images/e5bf860e-6dda-4bc3-a3ca-caa8decd9cef.jpeg,1
./data/pepe-images/F7b1h3bWkAA7NNS.jpeg,1
./data/pepe-images/e64ea609-405a-4775-bb12-14d597b32897.jpeg,1
./data/pepe-images/89263cde-299a-466d-afea-ec52866ed10a.jpeg,1
./data/pepe-images/24d98735-1d55-4971-aa1c-9038f012c907.jpeg,1
./data/pepe-images/F85IGz5WwAAxgxE.jpeg,1
./data/pepe-images/F8xZVJYaoAAkk6J.jpeg,1
./data/pepe-images/F82qUixWwAA4FZl.jpeg,1
./data/pepe-images/F8dy7NFW8AAna6z.jpeg,1
./data/pepe-images/F8v10RpXAAAdi1k.jpeg,1
./data/pepe-images/F6vI4WoaUAARAnV.jpeg,1
./data/pepe-images/bbf2258b-f364-460b-9d58-0d78de442bfc.jpeg,1
./data/pepe-images/8cba93a6-215d-4d07-8e69-9464e087c461.jpeg,1
./data/pepe-images/F7Ug5jvXwAA4auF.jpeg,1
./data/pepe-images/58968942-982a-4b54-969b-23eaa1631d79.jpeg,1
./data/pepe-images/F83xvSHXwAAjUfL.jpeg,1
./data/pepe-images/01e2c4cf-3cd5-4327-ac2f-747b1a80cf9d.jpeg,1
./data/pepe-images/efbee1ff-291c-4d3f-9911-43b0e1d6d8f9.jpeg,1
./data/pepe-images/F6vIivTasAATniL.jpeg,1
./data/pepe-images/01532388-6e7a-4cd1-80fb-f6643abdf512.jpeg,1
./data/pepe-images/27fe1549-baae-44e8-a44f-2a404a64a1ee.jpeg,1
./data/pepe-images/c88ee2c4-7d77-4c1e-97bd-110cae70d7e8.jpeg,1
./data/pepe-images/F6vILlYaIAAAxqn.jpeg,1
./data/pepe-images/F8yCFDXXQAAM0M9.jpeg,1
./data/pepe-images/F6vHe8gaIAAKJcw.jpeg,1
./data/pepe-images/eac2ec51-0fbf-4b29-8a4e-32f98d2dca7b.jpeg,1
./data/pepe-images/F7hJCI9XoAEygCv.jpeg,1
./data/pepe-images/77f62ce6-3d1f-418f-8aea-b9f204a17fb6.jpeg,1
./data/pepe-images/F84oQZfWcAAk2_B.jpeg,1
./data/pepe-images/7db51081-f7ac-4227-9ccb-74c6412a5c6d.jpeg,1
./data/pepe-images/967b44a6-367b-41f2-af74-651edb9f0ea9.jpeg,1
./data/pepe-images/f3d5030c-fb33-4f2e-9d9d-3df23f005060.jpeg,1
./data/pepe-images/F81y5VDWYAANmuc.jpeg,1
./data/pepe-images/f08547ea-93a8-4908-bf7a-f1ea63ddb36c.jpeg,1
./data/pepe-images/f1cf04be-fdb3-427a-975b-59c0575d6def.jpeg,1
./data/pepe-images/714bb87d-59e0-4904-af27-726264ff83fa.jpeg,1
./data/pepe-images/2bc374e3-3fbe-4612-8a29-f11159cf5001.jpeg,1
./data/pepe-images/aabac9d0-5024-451a-a18b-837c2094a267.jpeg,1
./data/pepe-images/F8vqAI6bcAEke-C.jpeg,1
./data/pepe-images/838b7bc5-887d-4be4-bdb8-07583d8b9c0f.jpeg,1
./data/pepe-images/2a05b77f-14a5-407c-8fd7-0d968fb6c2c2.jpeg,1
./data/pepe-images/3d9834ca-e7a4-4c64-afc9-e7fd9e8977a6.jpeg,1
./data/pepe-images/F6vGv7gaYAALOVQ.jpeg,1
./data/pepe-images/2ae14bb1-e5ba-4fee-b587-1976727de688.jpeg,1
./data/pepe-images/F8vzuB0XsAAm8dv.jpeg,1
./data/pepe-images/c2fa0d5b-748b-41a6-9e78-8d58a3a64dfd.jpeg,1
./data/pepe-images/6c88edf5-992f-4cee-ab4b-19b4f7c35440.jpeg,1
./data/pepe-images/168ecd14-02b6-4f2f-897f-467b77026c46.jpeg,1
./data/pepe-images/fd771d9b-5103-4878-a7ae-a48180dea987.jpeg,1
./data/pepe-images/F7SYtltW8AAldye.jpeg,1
./data/pepe-images/f61dda1e-2c54-4623-94f0-ec1d5af4925d.jpeg,1
./data/pepe-images/544aa85c-edb1-4128-8233-e38b7eaba32a.jpeg,1
./data/pepe-images/cd5256f2-d027-474f-9ac6-81beb1da4a7a.jpeg,1
./data/pepe-images/e421f2e5-2eb4-4fc6-bc74-f6c61b7a16b6.jpeg,1
./data/pepe-images/14a46787-0030-459c-8d0d-46a4d89d1999.jpeg,1
./data/pepe-images/71ee3070-9acb-4108-912a-f06ef31812d1.jpeg,1
./data/pepe-images/F7a93ueaEAAKak-.jpeg,1
./data/pepe-images/86d567ab-a73f-491f-9d7d-50fafd42aed1.jpeg,1
./data/pepe-images/aa94e792-23a5-4078-a041-5f8150e74d4e.jpeg,1
./data/pepe-images/7ca6a580-e06d-4862-98fd-aa9d20776c13.jpeg,1
./data/pepe-images/5ccc6cb5-a942-4caa-8ea4-36764659a1b3.jpeg,1
./data/pepe-images/69a7bea4-1e56-40ee-b5b2-21ddc6628b45.jpeg,1
./data/pepe-images/F80zpWxXUAAJH8l.jpeg,1
./data/pepe-images/F8vvaoZXwAAGhcT.jpeg,1
./data/pepe-images/F865XepbMAAdz1X.jpeg,1
./data/pepe-images/F9F8SgdbAAAZqta.jpeg,1
./data/pepe-images/8f25f8cd-9028-436f-82f5-1b84af61c196.jpeg,1
./data/pepe-images/8c6e7891-83b8-4e6b-b789-d60ef7526263.jpeg,1
./data/pepe-images/F8dy7ebWkAAJMsz.jpeg,1
./data/pepe-images/444a4e43-d406-4d93-8dec-5c2387aea77f.jpeg,1
./data/pepe-images/F8M5RZ_asAA9Vo-.jpeg,1
./data/pepe-images/ff8575b6-7105-457b-a266-84fa2c3cbdbc.jpeg,1
./data/pepe-images/fb90a24a-f516-4f27-89d4-3405e7069bb3.jpeg,1
./data/pepe-images/7095e320-519e-4323-b33b-399753c6eb74.jpeg,1
./data/pepe-images/8510322f-66cc-477b-bdaa-73c1e2cc7bf1.jpeg,1
./data/pepe-images/F7WTwf3W0AEJOCf.jpeg,1
./data/pepe-images/dabac3ab-3eda-4222-b406-f484f91fd9d8.jpeg,1
./data/pepe-images/56cc15c2-3e73-4b79-86a7-263afca8f1cb.jpeg,1
./data/pepe-images/F6vHKTPaIAAfB8u.jpeg,1
./data/pepe-images/F9Oj7ECaYAAXLNK.jpeg,1
./data/pepe-images/55f79adf-3744-4373-933d-9682b47c59b1.jpeg,1
./data/pepe-images/8a98ce19-1924-49bb-b81b-bab0957d696c.jpeg,1
./data/pepe-images/15392a82-e3d3-4c17-97b9-76e2ab59cd2d.jpeg,1
./data/pepe-images/b9b37861-2871-47b6-9660-feadd22d5c2f.jpeg,1
./data/pepe-images/e9ebedec-202c-4ffc-8490-aacde24d3576.jpeg,1
./data/pepe-images/dc642629-9481-4df6-beb9-b029e1517331.jpeg,1
./data/pepe-images/F9DDHh1WoAE0iwg.jpeg,1
./data/pepe-images/F86eAqoXUAEFQah.jpeg,1
./data/pepe-images/55c25f6f-e4b3-4e38-8965-00569ea30e92.jpeg,1
./data/pepe-images/7ebc2b03-5627-4794-b6a0-e6ac000255b5.jpeg,1
./data/pepe-images/F8jpw-0a8AA9bk7.jpeg,1
./data/pepe-images/ca233bb9-40ef-47f4-ba14-37cbdd791a90.jpeg,1
./data/pepe-images/d02972cd-709d-4af1-a126-810da14114e8.jpeg,1
./data/pepe-images/36a38741-13aa-4c72-80fe-8c4ad01df745.jpeg,1
./data/pepe-images/F8xF9gSWQAA1TPd.jpeg,1
./data/pepe-images/d2779e87-1cec-405d-932d-e6eab6f27924.jpeg,1
./data/pepe-images/b57c027e-97bc-4648-8173-ba68963358be.jpeg,1
./data/pepe-images/70fbb01c-c7df-45b2-b918-f657e5c9c821.jpeg,1
./data/pepe-images/F8yE2MWbQAAjZ5A.jpeg,1
./data/pepe-images/c05d5408-323d-489a-8f31-3bd80e473d69.jpeg,1
./data/pepe-images/F8zi1xbXYAA-Y-V.jpeg,1
./data/pepe-images/1c81792a-3aa9-4979-9349-40e3cc276214.jpeg,1
./data/pepe-images/F8gQ3RibwAAG4EO.jpeg,1
./data/pepe-images/e432415d-5654-4ba6-83e3-5eb37122d9a4.jpeg,1
./data/pepe-images/F9NOXzCbcAAygIU.jpeg,1
./data/pepe-images/F7SZ5D4XgAAkyN1.jpeg,1
./data/pokemon-images/cranidos.jpeg,0
./data/pokemon-images/tepig.jpeg,0
./data/pokemon-images/mandibuzz.jpeg,0
./data/pokemon-images/throh.jpeg,0
./data/pokemon-images/hoppip.jpeg,0
./data/pokemon-images/clefable.jpeg,0
./data/pokemon-images/darkrai.jpeg,0
./data/pokemon-images/accelgor.jpeg,0
./data/pokemon-images/grotle.jpeg,0
./data/pokemon-images/phanpy.jpeg,0
./data/pokemon-images/vespiquen.jpeg,0
./data/pokemon-images/sawk.jpeg,0
./data/pokemon-images/glalie.jpeg,0
./data/pokemon-images/simisage.jpeg,0
./data/pokemon-images/roserade.jpeg,0
./data/pokemon-images/chansey.jpeg,0
./data/pokemon-images/xurkitree.jpeg,0
./data/pokemon-images/froslass.jpeg,0
./data/pokemon-images/frillish.jpeg,0
./data/pokemon-images/flaaffy.jpeg,0
./data/pokemon-images/skuntank.jpeg,0
./data/pokemon-images/lillipup.jpeg,0
./data/pokemon-images/staravia.jpeg,0
./data/pokemon-images/aggron.jpeg,0
./data/pokemon-images/naganadel.jpeg,0
./data/pokemon-images/joltik.jpeg,0
./data/pokemon-images/ivysaur.jpeg,0
./data/pokemon-images/nosepass.jpeg,0
./data/pokemon-images/gligar.jpeg,0
./data/pokemon-images/clefairy.jpeg,0
./data/pokemon-images/stakataka.jpeg,0
./data/pokemon-images/xatu.jpeg,0
./data/pokemon-images/exeggutor.jpeg,0
./data/pokemon-images/oricorio-baile.jpeg,0
./data/pokemon-images/volcarona.jpeg,0
./data/pokemon-images/budew.jpeg,0
./data/pokemon-images/nuzleaf.jpeg,0
./data/pokemon-images/onix.jpeg,0
./data/pokemon-images/decidueye.jpeg,0
./data/pokemon-images/hoothoot.jpeg,0
./data/pokemon-images/heatmor.jpeg,0
./data/pokemon-images/ursaring.jpeg,0
./data/pokemon-images/marill.jpeg,0
./data/pokemon-images/lapras.jpeg,0
./data/pokemon-images/meltan.jpeg,0
./data/pokemon-images/petilil.jpeg,0
./data/pokemon-images/noivern.jpeg,0
./data/pokemon-images/piplup.jpeg,0
./data/pokemon-images/silvally.jpeg,0
./data/pokemon-images/regirock.jpeg,0
./data/pokemon-images/palossand.jpeg,0
./data/pokemon-images/weepinbell.jpeg,0
./data/pokemon-images/fraxure.jpeg,0
./data/pokemon-images/torchic.jpeg,0
./data/pokemon-images/dustox.jpeg,0
./data/pokemon-images/qwilfish.jpeg,0
./data/pokemon-images/aurorus.jpeg,0
./data/pokemon-images/lombre.jpeg,0
./data/pokemon-images/kingdra.jpeg,0
./data/pokemon-images/crustle.jpeg,0
./data/pokemon-images/registeel.jpeg,0
./data/pokemon-images/solgaleo.jpeg,0
./data/pokemon-images/golduck.jpeg,0
./data/pokemon-images/pachirisu.jpeg,0
./data/pokemon-images/shiftry.jpeg,0
./data/pokemon-images/smoochum.jpeg,0
./data/pokemon-images/dhelmise.jpeg,0
./data/pokemon-images/steelix.jpeg,0
./data/pokemon-images/cleffa.jpeg,0
./data/pokemon-images/ribombee.jpeg,0
./data/pokemon-images/lucario.jpeg,0
./data/pokemon-images/ludicolo.jpeg,0
./data/pokemon-images/shedinja.jpeg,0
./data/pokemon-images/drampa.jpeg,0
./data/pokemon-images/buneary.jpeg,0
./data/pokemon-images/dialga.jpeg,0
./data/pokemon-images/golem.jpeg,0
./data/pokemon-images/xerneas.jpeg,0
./data/pokemon-images/stunky.jpeg,0
./data/pokemon-images/murkrow.jpeg,0
./data/pokemon-images/kecleon.jpeg,0
./data/pokemon-images/tranquill.jpeg,0
./data/pokemon-images/basculin-red-striped.jpeg,0
./data/pokemon-images/popplio.jpeg,0
./data/pokemon-images/pineco.jpeg,0
./data/pokemon-images/latios.jpeg,0
./data/pokemon-images/snorlax.jpeg,0
./data/pokemon-images/hitmontop.jpeg,0
./data/pokemon-images/cinccino.jpeg,0
./data/pokemon-images/shuckle.jpeg,0
./data/pokemon-images/seaking.jpeg,0
./data/pokemon-images/rowlet.jpeg,0
./data/pokemon-images/weavile.jpeg,0
./data/pokemon-images/poliwrath.jpeg,0
./data/pokemon-images/floatzel.jpeg,0
./data/pokemon-images/spearow.jpeg,0
./data/pokemon-images/klang.jpeg,0
./data/pokemon-images/roggenrola.jpeg,0
./data/pokemon-images/bouffalant.jpeg,0
./data/pokemon-images/liepard.jpeg,0
./data/pokemon-images/rockruff.jpeg,0
./data/pokemon-images/wailord.jpeg,0
./data/pokemon-images/dragalge.jpeg,0
./data/pokemon-images/araquanid.jpeg,0
./data/pokemon-images/scrafty.jpeg,0
./data/pokemon-images/archeops.jpeg,0
./data/pokemon-images/blitzle.jpeg,0
./data/pokemon-images/vigoroth.jpeg,0
./data/pokemon-images/nidoking.jpeg,0
./data/pokemon-images/pichu.jpeg,0
./data/pokemon-images/zweilous.jpeg,0
./data/pokemon-images/herdier.jpeg,0
./data/pokemon-images/cherrim.jpeg,0
./data/pokemon-images/cubone.jpeg,0
./data/pokemon-images/dewpider.jpeg,0
./data/pokemon-images/zebstrika.jpeg,0
./data/pokemon-images/umbreon.jpeg,0
./data/pokemon-images/celesteela.jpeg,0
./data/pokemon-images/trevenant.jpeg,0
./data/pokemon-images/tentacruel.jpeg,0
./data/pokemon-images/stantler.jpeg,0
./data/pokemon-images/scolipede.jpeg,0
./data/pokemon-images/togetic.jpeg,0
./data/pokemon-images/dodrio.jpeg,0
./data/pokemon-images/beheeyem.jpeg,0
./data/pokemon-images/swoobat.jpeg,0
./data/pokemon-images/meganium.jpeg,0
./data/pokemon-images/poliwag.jpeg,0
./data/pokemon-images/feraligatr.jpeg,0
./data/pokemon-images/spinarak.jpeg,0
./data/pokemon-images/absol.jpeg,0
./data/pokemon-images/conkeldurr.jpeg,0
./data/pokemon-images/pumpkaboo-average.jpeg,0
./data/pokemon-images/poipole.jpeg,0
./data/pokemon-images/amaura.jpeg,0
./data/pokemon-images/swanna.jpeg,0
./data/pokemon-images/hariyama.jpeg,0
./data/pokemon-images/parasect.jpeg,0
./data/pokemon-images/tornadus-incarnate.jpeg,0
./data/pokemon-images/sneasel.jpeg,0
./data/pokemon-images/jirachi.jpeg,0
./data/pokemon-images/drowzee.jpeg,0
./data/pokemon-images/feebas.jpeg,0
./data/pokemon-images/fearow.jpeg,0
./data/pokemon-images/gogoat.jpeg,0
./data/pokemon-images/plusle.jpeg,0
./data/pokemon-images/articuno.jpeg,0
./data/pokemon-images/unfezant.jpeg,0
./data/pokemon-images/chimecho.jpeg,0
./data/pokemon-images/eevee.jpeg,0
./data/pokemon-images/vanilluxe.jpeg,0
./data/pokemon-images/rampardos.jpeg,0
./data/pokemon-images/hoopa-confined.jpeg,0
./data/pokemon-images/azelf.jpeg,0
./data/pokemon-images/lotad.jpeg,0
./data/pokemon-images/cobalion.jpeg,0
./data/pokemon-images/darmanitan-standard.jpeg,0
./data/pokemon-images/chimchar.jpeg,0
./data/pokemon-images/flareon.jpeg,0
./data/pokemon-images/yanmega.jpeg,0
./data/pokemon-images/rufflet.jpeg,0
./data/pokemon-images/treecko.jpeg,0
./data/pokemon-images/ferroseed.jpeg,0
./data/pokemon-images/pyukumuku.jpeg,0
./data/pokemon-images/delibird.jpeg,0
./data/pokemon-images/octillery.jpeg,0
./data/pokemon-images/lickitung.jpeg,0
./data/pokemon-images/garchomp.jpeg,0
./data/pokemon-images/typhlosion.jpeg,0
./data/pokemon-images/carbink.jpeg,0
./data/pokemon-images/hawlucha.jpeg,0
./data/pokemon-images/beedrill.jpeg,0
./data/pokemon-images/klink.jpeg,0
./data/pokemon-images/arbok.jpeg,0
./data/pokemon-images/dragonite.jpeg,0
./data/pokemon-images/forretress.jpeg,0
./data/pokemon-images/toxapex.jpeg,0
./data/pokemon-images/lunala.jpeg,0
./data/pokemon-images/clamperl.jpeg,0
./data/pokemon-images/clauncher.jpeg,0
./data/pokemon-images/zoroark.jpeg,0
./data/pokemon-images/tapu-koko.jpeg,0
./data/pokemon-images/gastly.jpeg,0
./data/pokemon-images/mienfoo.jpeg,0
./data/pokemon-images/espeon.jpeg,0
./data/pokemon-images/gourgeist-average.jpeg,0
./data/pokemon-images/houndour.jpeg,0
./data/pokemon-images/vibrava.jpeg,0
./data/pokemon-images/elgyem.jpeg,0
./data/pokemon-images/ho-oh.jpeg,0
./data/pokemon-images/lumineon.jpeg,0
./data/pokemon-images/pansear.jpeg,0
./data/pokemon-images/arceus.jpeg,0
./data/pokemon-images/buizel.jpeg,0
./data/pokemon-images/komala.jpeg,0
./data/pokemon-images/tyranitar.jpeg,0
./data/pokemon-images/armaldo.jpeg,0
./data/pokemon-images/pidgey.jpeg,0
./data/pokemon-images/gurdurr.jpeg,0
./data/pokemon-images/magcargo.jpeg,0
./data/pokemon-images/machop.jpeg,0
./data/pokemon-images/volcanion.jpeg,0
./data/pokemon-images/victini.jpeg,0
./data/pokemon-images/pansage.jpeg,0
./data/pokemon-images/heliolisk.jpeg,0
./data/pokemon-images/bergmite.jpeg,0
./data/pokemon-images/scizor.jpeg,0
./data/pokemon-images/pancham.jpeg,0
./data/pokemon-images/zorua.jpeg,0
./data/pokemon-images/mienshao.jpeg,0
./data/pokemon-images/sandshrew.jpeg,0
./data/pokemon-images/skrelp.jpeg,0
./data/pokemon-images/happiny.jpeg,0
./data/pokemon-images/omanyte.jpeg,0
./data/pokemon-images/mewtwo.jpeg,0
./data/pokemon-images/charmander.jpeg,0
./data/pokemon-images/donphan.jpeg,0
./data/pokemon-images/lilligant.jpeg,0
./data/pokemon-images/walrein.jpeg,0
./data/pokemon-images/gloom.jpeg,0
./data/pokemon-images/venonat.jpeg,0
./data/pokemon-images/snorunt.jpeg,0
./data/pokemon-images/seel.jpeg,0
./data/pokemon-images/shellos.jpeg,0
./data/pokemon-images/banette.jpeg,0
./data/pokemon-images/wimpod.jpeg,0
./data/pokemon-images/terrakion.jpeg,0
./data/pokemon-images/bidoof.jpeg,0
./data/pokemon-images/timburr.jpeg,0
./data/pokemon-images/growlithe.jpeg,0
./data/pokemon-images/mightyena.jpeg,0
./data/pokemon-images/lampent.jpeg,0
./data/pokemon-images/sawsbuck.jpeg,0
./data/pokemon-images/smeargle.jpeg,0
./data/pokemon-images/delcatty.jpeg,0
./data/pokemon-images/metapod.jpeg,0
./data/pokemon-images/electrike.jpeg,0
./data/pokemon-images/seedot.jpeg,0
./data/pokemon-images/abomasnow.jpeg,0
./data/pokemon-images/pangoro.jpeg,0
./data/pokemon-images/nidoran-m.jpeg,0
./data/pokemon-images/karrablast.jpeg,0
./data/pokemon-images/tapu-bulu.jpeg,0
./data/pokemon-images/beartic.jpeg,0
./data/pokemon-images/gardevoir.jpeg,0
./data/pokemon-images/klefki.jpeg,0
./data/pokemon-images/grovyle.jpeg,0
./data/pokemon-images/palpitoad.jpeg,0
./data/pokemon-images/luxio.jpeg,0
./data/pokemon-images/skiploom.jpeg,0
./data/pokemon-images/cosmoem.jpeg,0
./data/pokemon-images/archen.jpeg,0
./data/pokemon-images/sentret.jpeg,0
./data/pokemon-images/kakuna.jpeg,0
./data/pokemon-images/carracosta.jpeg,0
./data/pokemon-images/helioptile.jpeg,0
./data/pokemon-images/baltoy.jpeg,0
./data/pokemon-images/pidgeot.jpeg,0
./data/pokemon-images/magikarp.jpeg,0
./data/pokemon-images/magearna.jpeg,0
./data/pokemon-images/pelipper.jpeg,0
./data/pokemon-images/horsea.jpeg,0
./data/pokemon-images/manectric.jpeg,0
./data/pokemon-images/trumbeak.jpeg,0
./data/pokemon-images/furret.jpeg,0
./data/pokemon-images/diglett.jpeg,0
./data/pokemon-images/sewaddle.jpeg,0
./data/pokemon-images/entei.jpeg,0
./data/pokemon-images/lileep.jpeg,0
./data/pokemon-images/leavanny.jpeg,0
./data/pokemon-images/butterfree.jpeg,0
./data/pokemon-images/flygon.jpeg,0
./data/pokemon-images/psyduck.jpeg,0
./data/pokemon-images/pawniard.jpeg,0
./data/pokemon-images/pinsir.jpeg,0
./data/pokemon-images/gulpin.jpeg,0
./data/pokemon-images/luvdisc.jpeg,0
./data/pokemon-images/espurr.jpeg,0
./data/pokemon-images/munchlax.jpeg,0
./data/pokemon-images/solrock.jpeg,0
./data/pokemon-images/magby.jpeg,0
./data/pokemon-images/buzzwole.jpeg,0
./data/pokemon-images/krokorok.jpeg,0
./data/pokemon-images/chesnaught.jpeg,0
./data/pokemon-images/metang.jpeg,0
./data/pokemon-images/porygon2.jpeg,0
./data/pokemon-images/kartana.jpeg,0
./data/pokemon-images/mismagius.jpeg,0
./data/pokemon-images/pidove.jpeg,0
./data/pokemon-images/cloyster.jpeg,0
./data/pokemon-images/durant.jpeg,0
./data/pokemon-images/galvantula.jpeg,0
./data/pokemon-images/magmortar.jpeg,0
./data/pokemon-images/bunnelby.jpeg,0
./data/pokemon-images/mawile.jpeg,0
./data/pokemon-images/primarina.jpeg,0
./data/pokemon-images/wingull.jpeg,0
./data/pokemon-images/houndoom.jpeg,0
./data/pokemon-images/combusken.jpeg,0
./data/pokemon-images/azurill.jpeg,0
./data/pokemon-images/wurmple.jpeg,0
./data/pokemon-images/aegislash-blade.jpeg,0
./data/pokemon-images/riolu.jpeg,0
./data/pokemon-images/cascoon.jpeg,0
./data/pokemon-images/meloetta-aria.jpeg,0
./data/pokemon-images/gastrodon.jpeg,0
./data/pokemon-images/aromatisse.jpeg,0
./data/pokemon-images/zubat.jpeg,0
./data/pokemon-images/dartrix.jpeg,0
./data/pokemon-images/sableye.jpeg,0
./data/pokemon-images/unown.jpeg,0
./data/pokemon-images/dragonair.jpeg,0
./data/pokemon-images/tyrogue.jpeg,0
./data/pokemon-images/mr-mime.jpeg,0
./data/pokemon-images/panpour.jpeg,0
./data/pokemon-images/comfey.jpeg,0
./data/pokemon-images/drifloon.jpeg,0
./data/pokemon-images/maractus.jpeg,0
./data/pokemon-images/meowth.jpeg,0
./data/pokemon-images/pyroar.jpeg,0
./data/pokemon-images/mareep.jpeg,0
./data/pokemon-images/inkay.jpeg,0
./data/pokemon-images/goodra.jpeg,0
./data/pokemon-images/gible.jpeg,0
./data/pokemon-images/ferrothorn.jpeg,0
./data/pokemon-images/corsola.jpeg,0
./data/pokemon-images/sliggoo.jpeg,0
./data/pokemon-images/munna.jpeg,0
./data/pokemon-images/swellow.jpeg,0
./data/pokemon-images/dedenne.jpeg,0
./data/pokemon-images/glameow.jpeg,0
./data/pokemon-images/misdreavus.jpeg,0
./data/pokemon-images/bounsweet.jpeg,0
./data/pokemon-images/ditto.jpeg,0
./data/pokemon-images/hippopotas.jpeg,0
./data/pokemon-images/kabutops.jpeg,0
./data/pokemon-images/steenee.jpeg,0
./data/pokemon-images/taillow.jpeg,0
./data/pokemon-images/azumarill.jpeg,0
./data/pokemon-images/torkoal.jpeg,0
./data/pokemon-images/luxray.jpeg,0
./data/pokemon-images/venomoth.jpeg,0
./data/pokemon-images/marowak.jpeg,0
./data/pokemon-images/illumise.jpeg,0
./data/pokemon-images/slowking.jpeg,0
./data/pokemon-images/crobat.jpeg,0
./data/pokemon-images/tyrunt.jpeg,0
./data/pokemon-images/rapidash.jpeg,0
./data/pokemon-images/vullaby.jpeg,0
./data/pokemon-images/escavalier.jpeg,0
./data/pokemon-images/vaporeon.jpeg,0
./data/pokemon-images/machamp.jpeg,0
./data/pokemon-images/crabrawler.jpeg,0
./data/pokemon-images/tynamo.jpeg,0
./data/pokemon-images/raikou.jpeg,0
./data/pokemon-images/drapion.jpeg,0
./data/pokemon-images/palkia.jpeg,0
./data/pokemon-images/poochyena.jpeg,0
./data/pokemon-images/breloom.jpeg,0
./data/pokemon-images/cryogonal.jpeg,0
./data/pokemon-images/stunfisk.jpeg,0
./data/pokemon-images/frogadier.jpeg,0
./data/pokemon-images/muk.jpeg,0
./data/pokemon-images/remoraid.jpeg,0
./data/pokemon-images/ariados.jpeg,0
./data/pokemon-images/aron.jpeg,0
./data/pokemon-images/sandile.jpeg,0
./data/pokemon-images/dratini.jpeg,0
./data/pokemon-images/servine.jpeg,0
./data/pokemon-images/primeape.jpeg,0
./data/pokemon-images/jangmo-o.jpeg,0
./data/pokemon-images/dunsparce.jpeg,0
./data/pokemon-images/noctowl.jpeg,0
./data/pokemon-images/slakoth.jpeg,0
./data/pokemon-images/kyurem.jpeg,0
./data/pokemon-images/slowpoke.jpeg,0
./data/pokemon-images/simipour.jpeg,0
./data/pokemon-images/wynaut.jpeg,0
./data/pokemon-images/raichu.jpeg,0
./data/pokemon-images/trapinch.jpeg,0
./data/pokemon-images/abra.jpeg,0
./data/pokemon-images/manaphy.jpeg,0
./data/pokemon-images/ekans.jpeg,0
./data/pokemon-images/lurantis.jpeg,0
./data/pokemon-images/scyther.jpeg,0
./data/pokemon-images/lopunny.jpeg,0
./data/pokemon-images/larvesta.jpeg,0
./data/pokemon-images/seviper.jpeg,0
./data/pokemon-images/larvitar.jpeg,0
./data/pokemon-images/clawitzer.jpeg,0
./data/pokemon-images/dugtrio.jpeg,0
./data/pokemon-images/salazzle.jpeg,0
./data/pokemon-images/weezing.jpeg,0
./data/pokemon-images/moltres.jpeg,0
./data/pokemon-images/togedemaru.jpeg,0
./data/pokemon-images/lanturn.jpeg,0
./data/pokemon-images/croconaw.jpeg,0
./data/pokemon-images/zapdos.jpeg,0
./data/pokemon-images/sigilyph.jpeg,0
./data/pokemon-images/lycanroc-midday.jpeg,0
./data/pokemon-images/cacturne.jpeg,0
./data/pokemon-images/wigglytuff.jpeg,0
./data/pokemon-images/meowstic-male.jpeg,0
./data/pokemon-images/skitty.jpeg,0
./data/pokemon-images/gabite.jpeg,0
./data/pokemon-images/mew.jpeg,0
./data/pokemon-images/porygon-z.jpeg,0
./data/pokemon-images/bellossom.jpeg,0
./data/pokemon-images/surskit.jpeg,0
./data/pokemon-images/bagon.jpeg,0
./data/pokemon-images/pidgeotto.jpeg,0
./data/pokemon-images/bastiodon.jpeg,0
./data/pokemon-images/fomantis.jpeg,0
./data/pokemon-images/mamoswine.jpeg,0
./data/pokemon-images/crawdaunt.jpeg,0
./data/pokemon-images/exploud.jpeg,0
./data/pokemon-images/type-null.jpeg,0
./data/pokemon-images/swadloon.jpeg,0
./data/pokemon-images/linoone.jpeg,0
./data/pokemon-images/mudbray.jpeg,0
./data/pokemon-images/golbat.jpeg,0
./data/pokemon-images/makuhita.jpeg,0
./data/pokemon-images/spiritomb.jpeg,0
./data/pokemon-images/braviary.jpeg,0
./data/pokemon-images/axew.jpeg,0
./data/pokemon-images/sandygast.jpeg,0
./data/pokemon-images/sharpedo.jpeg,0
./data/pokemon-images/braixen.jpeg,0
./data/pokemon-images/leafeon.jpeg,0
./data/pokemon-images/wooper.jpeg,0
./data/pokemon-images/masquerain.jpeg,0
./data/pokemon-images/regice.jpeg,0
./data/pokemon-images/excadrill.jpeg,0
./data/pokemon-images/chinchou.jpeg,0
./data/pokemon-images/tirtouga.jpeg,0
./data/pokemon-images/seismitoad.jpeg,0
./data/pokemon-images/froakie.jpeg,0
./data/pokemon-images/tangela.jpeg,0
./data/pokemon-images/yamask.jpeg,0
./data/pokemon-images/diggersby.jpeg,0
./data/pokemon-images/sandslash.jpeg,0
./data/pokemon-images/caterpie.jpeg,0
./data/pokemon-images/tapu-fini.jpeg,0
./data/pokemon-images/swinub.jpeg,0
./data/pokemon-images/skiddo.jpeg,0
./data/pokemon-images/loudred.jpeg,0
./data/pokemon-images/drilbur.jpeg,0
./data/pokemon-images/oshawott.jpeg,0
./data/pokemon-images/blastoise.jpeg,0
./data/pokemon-images/mothim.jpeg,0
./data/pokemon-images/wobbuffet.jpeg,0
./data/pokemon-images/bonsly.jpeg,0
./data/pokemon-images/eelektrik.jpeg,0
./data/pokemon-images/salamence.jpeg,0
./data/pokemon-images/swablu.jpeg,0
./data/pokemon-images/slowbro.jpeg,0
./data/pokemon-images/incineroar.jpeg,0
./data/pokemon-images/blaziken.jpeg,0
./data/pokemon-images/mime-jr.jpeg,0
./data/pokemon-images/pheromosa.jpeg,0
./data/pokemon-images/swalot.jpeg,0
./data/pokemon-images/malamar.jpeg,0
./data/pokemon-images/corphish.jpeg,0
./data/pokemon-images/kommo-o.jpeg,0
./data/pokemon-images/beautifly.jpeg,0
./data/pokemon-images/arcanine.jpeg,0
./data/pokemon-images/voltorb.jpeg,0
./data/pokemon-images/emolga.jpeg,0
./data/pokemon-images/noibat.jpeg,0
./data/pokemon-images/yanma.jpeg,0
./data/pokemon-images/hydreigon.jpeg,0
./data/pokemon-images/deerling.jpeg,0
./data/pokemon-images/doublade.jpeg,0
./data/pokemon-images/suicune.jpeg,0
./data/pokemon-images/mudkip.jpeg,0
./data/pokemon-images/milotic.jpeg,0
./data/pokemon-images/solosis.jpeg,0
./data/pokemon-images/brionne.jpeg,0
./data/pokemon-images/venipede.jpeg,0
./data/pokemon-images/musharna.jpeg,0
./data/pokemon-images/nidoran-f.jpeg,0
./data/pokemon-images/jigglypuff.jpeg,0
./data/pokemon-images/golisopod.jpeg,0
./data/pokemon-images/magnezone.jpeg,0
./data/pokemon-images/piloswine.jpeg,0
./data/pokemon-images/thundurus-incarnate.jpeg,0
./data/pokemon-images/bayleef.jpeg,0
./data/pokemon-images/ninjask.jpeg,0
./data/pokemon-images/haxorus.jpeg,0
./data/pokemon-images/politoed.jpeg,0
./data/pokemon-images/minun.jpeg,0
./data/pokemon-images/yungoos.jpeg,0
./data/pokemon-images/rattata.jpeg,0
./data/pokemon-images/blacephalon.jpeg,0
./data/pokemon-images/druddigon.jpeg,0
./data/pokemon-images/gothitelle.jpeg,0
./data/pokemon-images/graveler.jpeg,0
./data/pokemon-images/tapu-lele.jpeg,0
./data/pokemon-images/mankey.jpeg,0
./data/pokemon-images/snover.jpeg,0
./data/pokemon-images/furfrou.jpeg,0
./data/pokemon-images/grimer.jpeg,0
./data/pokemon-images/melmetal.jpeg,0
./data/pokemon-images/dwebble.jpeg,0
./data/pokemon-images/bellsprout.jpeg,0
./data/pokemon-images/watchog.jpeg,0
./data/pokemon-images/regigigas.jpeg,0
./data/pokemon-images/sealeo.jpeg,0
./data/pokemon-images/nidorina.jpeg,0
./data/pokemon-images/greninja.jpeg,0
./data/pokemon-images/machoke.jpeg,0
./data/pokemon-images/cofagrigus.jpeg,0
./data/pokemon-images/gothita.jpeg,0
./data/pokemon-images/purrloin.jpeg,0
./data/pokemon-images/infernape.jpeg,0
./data/pokemon-images/fennekin.jpeg,0
./data/pokemon-images/starly.jpeg,0
./data/pokemon-images/golett.jpeg,0
./data/pokemon-images/skorupi.jpeg,0
./data/pokemon-images/slugma.jpeg,0
./data/pokemon-images/dewgong.jpeg,0
./data/pokemon-images/tangrowth.jpeg,0
./data/pokemon-images/magmar.jpeg,0
./data/pokemon-images/shieldon.jpeg,0
./data/pokemon-images/grubbin.jpeg,0
./data/pokemon-images/goldeen.jpeg,0
./data/pokemon-images/elekid.jpeg,0
./data/pokemon-images/electivire.jpeg,0
./data/pokemon-images/huntail.jpeg,0
./data/pokemon-images/kyogre.jpeg,0
./data/pokemon-images/skarmory.jpeg,0
./data/pokemon-images/lunatone.jpeg,0
./data/pokemon-images/electabuzz.jpeg,0
./data/pokemon-images/morelull.jpeg,0
./data/pokemon-images/simisear.jpeg,0
./data/pokemon-images/alomomola.jpeg,0
./data/pokemon-images/ledyba.jpeg,0
./data/pokemon-images/lickilicky.jpeg,0
./data/pokemon-images/deoxys-normal.jpeg,0
./data/pokemon-images/ambipom.jpeg,0
./data/pokemon-images/mudsdale.jpeg,0
./data/pokemon-images/zigzagoon.jpeg,0
./data/pokemon-images/honchkrow.jpeg,0
./data/pokemon-images/minccino.jpeg,0
./data/pokemon-images/torracat.jpeg,0
./data/pokemon-images/yveltal.jpeg,0
./data/pokemon-images/spoink.jpeg,0
./data/pokemon-images/scraggy.jpeg,0
./data/pokemon-images/tropius.jpeg,0
./data/pokemon-images/bronzong.jpeg,0
./data/pokemon-images/gyarados.jpeg,0
./data/pokemon-images/nincada.jpeg,0
./data/pokemon-images/gengar.jpeg,0
./data/pokemon-images/avalugg.jpeg,0
./data/pokemon-images/deino.jpeg,0
./data/pokemon-images/bibarel.jpeg,0
./data/pokemon-images/kricketune.jpeg,0
./data/pokemon-images/snubbull.jpeg,0
./data/pokemon-images/charmeleon.jpeg,0
./data/pokemon-images/chingling.jpeg,0
./data/pokemon-images/shaymin-land.jpeg,0
./data/pokemon-images/hitmonchan.jpeg,0
./data/pokemon-images/litleo.jpeg,0
./data/pokemon-images/uxie.jpeg,0
./data/pokemon-images/bulbasaur.jpeg,0
./data/pokemon-images/trubbish.jpeg,0
./data/pokemon-images/cosmog.jpeg,0
./data/pokemon-images/flabebe.jpeg,0
./data/pokemon-images/heracross.jpeg,0
./data/pokemon-images/crabominable.jpeg,0
./data/pokemon-images/dusclops.jpeg,0
./data/pokemon-images/zygarde-50.jpeg,0
./data/pokemon-images/whirlipede.jpeg,0
./data/pokemon-images/groudon.jpeg,0
./data/pokemon-images/oddish.jpeg,0
./data/pokemon-images/nidorino.jpeg,0
./data/pokemon-images/fletchling.jpeg,0
./data/pokemon-images/starmie.jpeg,0
./data/pokemon-images/croagunk.jpeg,0
./data/pokemon-images/jumpluff.jpeg,0
./data/pokemon-images/anorith.jpeg,0
./data/pokemon-images/spheal.jpeg,0
./data/pokemon-images/marshtomp.jpeg,0
./data/pokemon-images/chespin.jpeg,0
./data/pokemon-images/finneon.jpeg,0
./data/pokemon-images/cresselia.jpeg,0
./data/pokemon-images/virizion.jpeg,0
./data/pokemon-images/genesect.jpeg,0
./data/pokemon-images/stufful.jpeg,0
./data/pokemon-images/vanillite.jpeg,0
./data/pokemon-images/omastar.jpeg,0
./data/pokemon-images/kabuto.jpeg,0
./data/pokemon-images/gliscor.jpeg,0
./data/pokemon-images/girafarig.jpeg,0
./data/pokemon-images/electrode.jpeg,0
./data/pokemon-images/zeraora.jpeg,0
./data/pokemon-images/swirlix.jpeg,0
./data/pokemon-images/wishiwashi-solo.jpeg,0
./data/pokemon-images/landorus-incarnate.jpeg,0
./data/pokemon-images/toucannon.jpeg,0
./data/pokemon-images/charjabug.jpeg,0
./data/pokemon-images/tsareena.jpeg,0
./data/pokemon-images/cubchoo.jpeg,0
./data/pokemon-images/snivy.jpeg,0
./data/pokemon-images/nihilego.jpeg,0
./data/pokemon-images/reuniclus.jpeg,0
./data/pokemon-images/slurpuff.jpeg,0
./data/pokemon-images/rhydon.jpeg,0
./data/pokemon-images/spinda.jpeg,0
./data/pokemon-images/shiinotic.jpeg,0
./data/pokemon-images/mantyke.jpeg,0
./data/pokemon-images/chikorita.jpeg,0
./data/pokemon-images/phantump.jpeg,0
./data/pokemon-images/pignite.jpeg,0
./data/pokemon-images/cottonee.jpeg,0
./data/pokemon-images/mimikyu.jpeg,0
./data/pokemon-images/hitmonlee.jpeg,0
./data/pokemon-images/audino.jpeg,0
./data/pokemon-images/whimsicott.jpeg,0
./data/pokemon-images/toxicroak.jpeg,0
./data/pokemon-images/litwick.jpeg,0
./data/pokemon-images/fletchinder.jpeg,0
./data/pokemon-images/altaria.jpeg,0
./data/pokemon-images/tympole.jpeg,0
./data/pokemon-images/golurk.jpeg,0
./data/pokemon-images/cyndaquil.jpeg,0
./data/pokemon-images/ledian.jpeg,0
./data/pokemon-images/aerodactyl.jpeg,0
./data/pokemon-images/floette.jpeg,0
./data/pokemon-images/salandit.jpeg,0
./data/pokemon-images/zekrom.jpeg,0
./data/pokemon-images/togekiss.jpeg,0
./data/pokemon-images/alakazam.jpeg,0
./data/pokemon-images/farfetchd.jpeg,0
./data/pokemon-images/barboach.jpeg,0
./data/pokemon-images/rhyhorn.jpeg,0
./data/pokemon-images/vanillish.jpeg,0
./data/pokemon-images/krabby.jpeg,0
./data/pokemon-images/ninetales.jpeg,0
./data/pokemon-images/cradily.jpeg,0
./data/pokemon-images/shroomish.jpeg,0
./data/pokemon-images/glaceon.jpeg,0
./data/pokemon-images/amoonguss.jpeg,0
./data/pokemon-images/togepi.jpeg,0
./data/pokemon-images/volbeat.jpeg,0
./data/pokemon-images/sunflora.jpeg,0
./data/pokemon-images/litten.jpeg,0
./data/pokemon-images/geodude.jpeg,0
./data/pokemon-images/bronzor.jpeg,0
./data/pokemon-images/quilladin.jpeg,0
./data/pokemon-images/combee.jpeg,0
./data/pokemon-images/pikipek.jpeg,0
./data/pokemon-images/grumpig.jpeg,0
./data/pokemon-images/hakamo-o.jpeg,0
./data/pokemon-images/giratina-altered.jpeg,0
./data/pokemon-images/purugly.jpeg,0
./data/pokemon-images/sylveon.jpeg,0
./data/pokemon-images/celebi.jpeg,0
./data/pokemon-images/drifblim.jpeg,0
./data/pokemon-images/jellicent.jpeg,0
./data/pokemon-images/garbodor.jpeg,0
./data/pokemon-images/whiscash.jpeg,0
./data/pokemon-images/ponyta.jpeg,0
./data/pokemon-images/shuppet.jpeg,0
./data/pokemon-images/bruxish.jpeg,0
./data/pokemon-images/samurott.jpeg,0
./data/pokemon-images/woobat.jpeg,0
./data/pokemon-images/barbaracle.jpeg,0
./data/pokemon-images/emboar.jpeg,0
./data/pokemon-images/numel.jpeg,0
./data/pokemon-images/lugia.jpeg,0
./data/pokemon-images/sudowoodo.jpeg,0
./data/pokemon-images/keldeo-ordinary.jpeg,0
./data/pokemon-images/tentacool.jpeg,0
./data/pokemon-images/kirlia.jpeg,0
./data/pokemon-images/scatterbug.jpeg,0
./data/pokemon-images/tyrantrum.jpeg,0
./data/pokemon-images/beldum.jpeg,0
./data/pokemon-images/pikachu.jpeg,0
./data/pokemon-images/shinx.jpeg,0
./data/pokemon-images/miltank.jpeg,0
./data/pokemon-images/porygon.jpeg,0
./data/pokemon-images/rotom.jpeg,0
./data/pokemon-images/squirtle.jpeg,0
./data/pokemon-images/marshadow.jpeg,0
./data/pokemon-images/bewear.jpeg,0
./data/pokemon-images/whismur.jpeg,0
./data/pokemon-images/raticate.jpeg,0
./data/pokemon-images/necrozma.jpeg,0
./data/pokemon-images/poliwhirl.jpeg,0
./data/pokemon-images/gorebyss.jpeg,0
./data/pokemon-images/mesprit.jpeg,0
./data/pokemon-images/cherubi.jpeg,0
./data/pokemon-images/gigalith.jpeg,0
./data/pokemon-images/chandelure.jpeg,0
./data/pokemon-images/magneton.jpeg,0
./data/pokemon-images/burmy.jpeg,0
./data/pokemon-images/medicham.jpeg,0
./data/pokemon-images/reshiram.jpeg,0
./data/pokemon-images/victreebel.jpeg,0
./data/pokemon-images/kadabra.jpeg,0
./data/pokemon-images/meditite.jpeg,0
./data/pokemon-images/weedle.jpeg,0
./data/pokemon-images/persian.jpeg,0
./data/pokemon-images/wailmer.jpeg,0
./data/pokemon-images/delphox.jpeg,0
./data/pokemon-images/klinklang.jpeg,0
./data/pokemon-images/gumshoos.jpeg,0
./data/pokemon-images/tauros.jpeg,0
./data/pokemon-images/turtwig.jpeg,0
./data/pokemon-images/vulpix.jpeg,0
./data/pokemon-images/turtonator.jpeg,0
./data/pokemon-images/torterra.jpeg,0
./data/pokemon-images/jolteon.jpeg,0
./data/pokemon-images/blissey.jpeg,0
./data/pokemon-images/duosion.jpeg,0
./data/pokemon-images/haunter.jpeg,0
./data/pokemon-images/claydol.jpeg,0
./data/pokemon-images/nidoqueen.jpeg,0
./data/pokemon-images/carvanha.jpeg,0
./data/pokemon-images/magnemite.jpeg,0
./data/pokemon-images/mantine.jpeg,0
./data/pokemon-images/carnivine.jpeg,0
./data/pokemon-images/cacnea.jpeg,0
./data/pokemon-images/heatran.jpeg,0
./data/pokemon-images/totodile.jpeg,0
./data/pokemon-images/staryu.jpeg,0
./data/pokemon-images/gothorita.jpeg,0
./data/pokemon-images/granbull.jpeg,0
./data/pokemon-images/honedge.jpeg,0
./data/pokemon-images/kangaskhan.jpeg,0
./data/pokemon-images/aipom.jpeg,0
./data/pokemon-images/goomy.jpeg,0
./data/pokemon-images/binacle.jpeg,0
./data/pokemon-images/monferno.jpeg,0
./data/pokemon-images/sunkern.jpeg,0
./data/pokemon-images/probopass.jpeg,0
./data/pokemon-images/dusknoir.jpeg,0
./data/pokemon-images/castform.jpeg,0
./data/pokemon-images/vivillon.jpeg,0
./data/pokemon-images/rhyperior.jpeg,0
./data/pokemon-images/lairon.jpeg,0
./data/pokemon-images/charizard.jpeg,0
./data/pokemon-images/wormadam-plant.jpeg,0
./data/pokemon-images/vikavolt.jpeg,0
./data/pokemon-images/boldore.jpeg,0
./data/pokemon-images/slaking.jpeg,0
./data/pokemon-images/staraptor.jpeg,0
./data/pokemon-images/shelgon.jpeg,0
./data/pokemon-images/silcoon.jpeg,0
./data/pokemon-images/dewott.jpeg,0
./data/pokemon-images/krookodile.jpeg,0
./data/pokemon-images/talonflame.jpeg,0
./data/pokemon-images/camerupt.jpeg,0
./data/pokemon-images/pupitar.jpeg,0
./data/pokemon-images/quilava.jpeg,0
./data/pokemon-images/hypno.jpeg,0
./data/pokemon-images/ducklett.jpeg,0
./data/pokemon-images/kricketot.jpeg,0
./data/pokemon-images/hippowdon.jpeg,0
./data/pokemon-images/duskull.jpeg,0
./data/pokemon-images/exeggcute.jpeg,0
./data/pokemon-images/latias.jpeg,0
./data/pokemon-images/jynx.jpeg,0
./data/pokemon-images/swampert.jpeg,0
./data/pokemon-images/gallade.jpeg,0
./data/pokemon-images/zangoose.jpeg,0
./data/pokemon-images/rayquaza.jpeg,0
./data/pokemon-images/bisharp.jpeg,0
./data/pokemon-images/darumaka.jpeg,0
./data/pokemon-images/cutiefly.jpeg,0
./data/pokemon-images/sceptile.jpeg,0
./data/pokemon-images/metagross.jpeg,0
./data/pokemon-images/diancie.jpeg,0
./data/pokemon-images/shellder.jpeg,0
./data/pokemon-images/koffing.jpeg,0
./data/pokemon-images/ampharos.jpeg,0
./data/pokemon-images/eelektross.jpeg,0
./data/pokemon-images/passimian.jpeg,0
./data/pokemon-images/empoleon.jpeg,0
./data/pokemon-images/igglybuff.jpeg,0
./data/pokemon-images/ralts.jpeg,0
./data/pokemon-images/shelmet.jpeg,0
./data/pokemon-images/vileplume.jpeg,0
./data/pokemon-images/doduo.jpeg,0
./data/pokemon-images/patrat.jpeg,0
./data/pokemon-images/teddiursa.jpeg,0
./data/pokemon-images/oranguru.jpeg,0
./data/pokemon-images/minior-meteor.jpeg,0
./data/pokemon-images/wartortle.jpeg,0
./data/pokemon-images/phione.jpeg,0
./data/pokemon-images/paras.jpeg,0
./data/pokemon-images/seadra.jpeg,0
./data/pokemon-images/kingler.jpeg,0
./data/pokemon-images/natu.jpeg,0
./data/pokemon-images/guzzlord.jpeg,0
./data/pokemon-images/prinplup.jpeg,0
./data/pokemon-images/stoutland.jpeg,0
./data/pokemon-images/quagsire.jpeg,0
./data/pokemon-images/mareanie.jpeg,0
./data/pokemon-images/foongus.jpeg,0
./data/pokemon-images/chatot.jpeg,0
./data/pokemon-images/relicanth.jpeg,0
./data/pokemon-images/spewpa.jpeg,0
./data/pokemon-images/spritzee.jpeg,0
./data/pokemon-images/roselia.jpeg,0
./data/pokemon-images/serperior.jpeg,0
./data/pokemon-images/venusaur.jpeg,0
./data/pokemon-images/florges.jpeg,0
